gender,firstName,lastName,age,bio,orientation,popularity,pics,mail,password,geolocalisation,confirm,interests
Male,Sonny,Young,29,Hey i'm Sonny!,Female,79,1:2:3:4:5,sonny.young@gmail.com,1,1,1,php:jazz
Female,Susan,Wilkes,32,hey im Susan!,Female,65,1:2:3:4:5,susan.wilkes@gmail.com,1,1,1,breaking bad:rap:indies
Male,Brian,Plant,27,hey im Brian!,Male:Female,87,1:2:3:4:5,brian.plant@gmail.com,1,1,1,shingeki no kyojin:music:opening
Female,Virginia,Steadman,41,hey im Virginia!,Female,86,1:2:3:4:5,virginia.steadman@gmail.com,1,1,1,anime:opening
Female,Jacqueline,Dorsey,38,hey im Jacqueline!,Male:Female,85,1:2:3:4:5,jacqueline.dorsey@gmail.com,1,1,1,games:php:jazz
Male,Kevin,Payne,45,hey im Kevin!,Female,64,1:2:3:4:5,kevin.payne@gmail.com,1,1,1,scorcese:dexter:indies:country
Male,Dwight,Kelly,41,hey im Dwight!,Male,70,1:2:3:4:5,dwight.kelly@gmail.com,1,1,1,country:sport:games:trap:rap
Female,Jesse,Hanson,24,hey im Jesse!,Female,85,1:2:3:4:5,jesse.hanson@gmail.com,1,1,1,manga:anime:breaking bad
Male,John,Ward,31,hey im John!,Female:Male,76,1:2:3:4:5,john.ward@gmail.com,1,1,1,jazz:php:country:games:trap:rap
Female,Lila,Macdonald,19,hey im Lila!,Male,90,1:2:3:4:5,lila.macdonald@gmail.com,1,1,1,opening:anime:manga:rap:shingeki no kyojin